"","BCG immunization coverage among 1-year-olds (%)","BCG immunization coverage among 1-year-olds (%)","BCG immunization coverage among 1-year-olds (%)","BCG immunization coverage among 1-year-olds (%)","BCG immunization coverage among 1-year-olds (%)","BCG immunization coverage among 1-year-olds (%)","BCG immunization coverage among 1-year-olds (%)","BCG immunization coverage among 1-year-olds (%)","BCG immunization coverage among 1-year-olds (%)","BCG immunization coverage among 1-year-olds (%)","BCG immunization coverage among 1-year-olds (%)","BCG immunization coverage among 1-year-olds (%)","BCG immunization coverage among 1-year-olds (%)","BCG immunization coverage among 1-year-olds (%)","BCG immunization coverage among 1-year-olds (%)","BCG immunization coverage among 1-year-olds (%)","BCG immunization coverage among 1-year-olds (%)","BCG immunization coverage among 1-year-olds (%)","BCG immunization coverage among 1-year-olds (%)","BCG immunization coverage among 1-year-olds (%)","BCG immunization coverage among 1-year-olds (%)","BCG immunization coverage among 1-year-olds (%)","BCG immunization coverage among 1-year-olds (%)","BCG immunization coverage among 1-year-olds (%)","BCG immunization coverage among 1-year-olds (%)","BCG immunization coverage among 1-year-olds (%)","BCG immunization coverage among 1-year-olds (%)","BCG immunization coverage among 1-year-olds (%)","BCG immunization coverage among 1-year-olds (%)","BCG immunization coverage among 1-year-olds (%)","BCG immunization coverage among 1-year-olds (%)","BCG immunization coverage among 1-year-olds (%)","BCG immunization coverage among 1-year-olds (%)","BCG immunization coverage among 1-year-olds (%)","BCG immunization coverage among 1-year-olds (%)","BCG immunization coverage among 1-year-olds (%)","BCG immunization coverage among 1-year-olds (%)","BCG immunization coverage among 1-year-olds (%)","BCG immunization coverage among 1-year-olds (%)","BCG immunization coverage among 1-year-olds (%)"
"Country"," 2019"," 2018"," 2017"," 2016"," 2015"," 2014"," 2013"," 2012"," 2011"," 2010"," 2009"," 2008"," 2007"," 2006"," 2005"," 2004"," 2003"," 2002"," 2001"," 2000"," 1999"," 1998"," 1997"," 1996"," 1995"," 1994"," 1993"," 1992"," 1991"," 1990"," 1989"," 1988"," 1987"," 1986"," 1985"," 1984"," 1983"," 1982"," 1981"," 1980"
"Afghanistan","78","78","78","78","76","74","72","78","71","68","64","66","60","60","57","51","44","46","43","30","38","35","43","47","31","15","17","19","21","30","38","40","27","18","17","11","10","10","",""
"Albania","99","99","99","99","99","99","99","96","97","99","97","99","98","97","98","97","95","94","93","93","93","87","94","94","97","87","82","81","80","94","94","92","92","92","92","90","90","92","93","93"
"Algeria","99","99","99","99","99","99","99","99","99","99","99","99","99","99","98","98","98","98","97","97","97","95","94","94","93","93","95","97","98","99","96","96","93","88","86","","","","",""
"Angola","69","72","69","40","64","72","71","73","74","79","70","73","75","54","51","63","54","76","70","53","49","60","70","65","60","48","53","47","53","48","47","32","29","32","28","28","25","","",""
"Argentina","93","93","95","92","96","99","99","99","99","99","99","99","99","99","99","99","99","95","92","95","96","98","99","99","99","99","99","99","99","99","92","91","94","99","90","78","70","77","70","62"
"Armenia","99","99","99","99","99","99","99","96","96","95","99","98","94","91","94","96","92","97","96","97","93","95","72","82","84","83","84","88","","","","","","","","","","","",""
"Austria","","","","","","","","","","","","","","","","","","","","","","","","","","","","","","","90","90","90","90","90","90","90","90","90","90"
"Azerbaijan","96","97","97","98","98","98","98","98","99","98","95","92","88","86","82","82","83","82","83","81","82","79","77","76","76","77","74","69","","","","","","","","","","","",""
"Bangladesh","99","99","99","99","99","99","99","98","99","98","99","99","98","97","97","96","93","95","95","94","92","91","92","90","93","95","93","89","87","86","56","26","15","4","2","2","2","1","1",""
"Belarus","97","98","98","98","97","98","99","98","99","99","98","98","98","99","99","99","99","99","99","99","99","99","98","97","96","94","93","95","","","","","","","","","","","",""
"Belize","95","99","90","94","98","98","99","98","98","98","99","98","99","97","96","99","99","96","98","96","96","93","85","90","92","90","91","97","94","93","91","85","77","94","81","77","81","85","71","71"
"Benin","89","89","89","88","86","91","95","96","88","90","93","96","97","93","88","89","90","90","91","92","87","83","78","80","85","94","89","84","82","92","75","50","46","41","27","","","","",""
"Bhutan","92","99","99","99","99","99","97","95","95","96","94","99","94","92","92","92","93","83","81","97","90","94","92","98","98","96","89","90","95","99","93","73","67","60","54","47","46","45","44","43"
"Bolivia (Plurinational State of)","80","90","93","96","99","94","94","99","99","98","93","90","87","87","88","86","96","93","90","92","95","85","88","98","87","92","84","81","67","65","64","56","55","53","24","23","27","31","30","30"
"Bosnia and Herzegovina","95","95","97","97","95","98","97","96","94","96","97","96","98","97","95","95","94","91","95","93","99","92","97","80","64","85","24","20","","","","","","","","","","","",""
"Botswana","98","98","98","98","98","98","98","98","98","98","99","99","99","99","99","99","99","99","99","99","99","99","98","97","96","96","95","94","93","93","92","95","95","99","97","95","94","94","93","92"
"Brazil","79","92","91","90","99","99","99","99","99","99","99","99","99","99","99","99","99","99","99","99","99","99","99","99","99","93","95","90","87","79","74","74","68","65","63","75","66","64","62","56"
"Brunei Darussalam","99","99","99","99","99","99","99","99","96","95","99","99","96","99","94","99","95","95","99","99","98","96","99","99","99","99","99","97","94","91","88","85","84","85","95","90","99","99","99","99"
"Bulgaria","96","96","96","96","96","97","97","97","98","98","98","98","98","98","98","98","98","98","98","98","99","98","97","98","99","98","99","99","99","99","99","99","99","99","99","99","99","99","99","99"
"Burkina Faso","98","98","98","98","98","98","96","96","99","99","99","99","99","99","99","99","83","90","80","81","77","79","75","73","72","75","80","85","88","95","83","70","57","52","33","","","","",""
"Burundi","93","91","92","93","93","92","95","98","90","93","98","99","97","98","89","91","90","88","87","85","84","86","87","90","92","61","73","90","87","97","99","54","82","77","52","46","52","56","59",""
"Cabo Verde","98","96","98","96","94","99","94","99","99","99","99","99","99","99","99","99","98","97","96","96","95","94","93","94","94","95","95","99","99","97","99","99","99","93","64","","","","",""
"Cambodia","98","93","99","99","99","98","96","99","98","95","96","98","90","87","87","95","76","63","64","81","78","69","67","68","69","63","57","50","56","52","55","58","61","47","33","27","","","",""
"Cameroon","80","84","87","84","83","87","82","81","80","83","81","91","89","96","90","83","82","79","79","78","78","80","75","69","62","59","58","62","69","76","76","71","65","60","54","49","46","27","8",""
"Central African Republic","74","74","74","74","74","74","37","74","74","74","74","74","74","74","74","73","72","71","70","66","62","70","78","86","94","77","81","85","91","96","86","53","42","37","34","32","29","24","26","17"
"Chad","75","50","59","59","70","58","60","62","52","58","46","30","44","56","41","41","40","46","52","49","45","45","45","39","43","43","34","34","40","59","59","38","32","24","15","8","","","",""
"Chile","98","96","96","97","93","98","98","92","91","95","95","99","98","98","95","95","95","96","98","93","95","92","92","99","97","99","97","99","99","94","97","98","97","96","96","95","92","94","96","96"
"China","99","99","99","99","99","99","99","99","99","99","99","97","94","92","86","86","85","85","85","84","84","83","83","84","79","89","92","94","97","99","98","98","85","70","64","59","34","","",""
"Colombia","89","89","91","88","90","89","85","89","83","84","90","93","93","96","94","92","97","87","87","91","80","85","97","99","99","99","96","88","95","95","94","99","80","70","76","69","79","65","57","45"
"Comoros","94","94","94","94","94","90","85","79","78","76","80","81","77","84","80","79","79","90","90","90","87","84","55","55","95","94","95","81","71","99","95","72","97","97","77","56","","","",""
"Congo","80","81","76","80","85","95","92","92","95","95","90","93","86","84","73","85","60","51","53","50","39","34","29","51","58","61","63","75","89","90","90","88","87","86","89","80","90","91","","92"
"Cook Islands","99","99","99","99","99","99","98","98","98","99","99","99","99","99","99","99","99","98","98","99","97","98","85","90","96","99","94","94","96","99","94","90","89","87","99","60","74","59","44","29"
"Costa Rica","88","92","90","89","83","80","79","78","78","77","81","90","91","87","88","90","87","91","87","92","89","87","82","92","99","94","98","94","81","92","89","86","83","79","82","86","83","81","81","80"
"CÃ´te d'Ivoire","93","95","93","95","80","85","85","93","76","79","95","91","94","77","85","71","78","79","80","80","74","71","73","68","69","75","74","70","65","62","47","52","53","41","29","17","","","",""
"Croatia","98","98","98","99","98","98","99","99","99","99","99","99","99","99","98","98","98","99","97","98","96","97","98","99","99","98","98","92","","","","","","","","","","","",""
"Cuba","99","99","99","99","99","99","99","99","99","99","99","99","99","99","99","99","99","99","99","99","99","99","99","99","99","99","97","98","98","98","98","99","96","98","98","97","96","97","97","99"
"Czechia","","","","","","","","","","","98","99","99","99","99","99","98","97","98","98","98","98","97","96","95","95","98","","","","","","","","","","","","",""
"Democratic People's Republic of Korea","96","96","98","97","97","98","98","98","98","98","98","97","96","96","94","95","88","96","82","78","73","69","64","73","82","90","99","99","99","99","99","98","69","53","51","49","52","51","52","50"
"Democratic Republic of the Congo","73","73","73","73","72","77","82","83","66","85","85","78","80","72","72","68","61","50","43","57","30","25","25","25","34","46","43","32","21","65","55","59","57","51","57","62","65","62","61","57"
"Djibouti","95","93","92","90","92","99","86","87","89","90","90","90","90","88","80","71","63","52","38","34","26","35","43","51","51","51","51","51","66","81","80","87","42","38","37","36","36","5","",""
"Dominica","98","95","97","98","98","98","97","98","98","99","99","98","90","99","98","99","99","99","99","99","99","99","99","99","99","99","99","99","99","99","99","98","98","87","90","84","99","48","57","65"
"Dominican Republic","99","99","99","99","99","99","99","99","99","98","96","92","92","95","96","97","95","97","98","90","99","86","88","79","90","86","82","78","74","70","63","60","57","54","51","43","41","38","34","29"
"Ecuador","86","90","88","84","88","89","90","94","98","98","99","98","99","99","99","99","99","99","99","99","99","98","99","99","99","99","99","99","82","89","91","92","85","94","99","99","85","99","82","76"
"Egypt","96","95","86","96","96","96","98","95","98","98","98","98","98","99","98","98","98","98","98","98","98","99","98","95","93","95","95","92","92","89","83","80","72","77","80","53","53","50","50","50"
"El Salvador","78","81","83","87","99","85","90","90","95","96","99","99","99","93","84","94","91","92","92","99","99","99","95","98","99","82","79","62","67","75","62","56","55","51","50","22","48","46","47","56"
"Equatorial Guinea","85","85","85","85","77","85","82","78","75","71","71","71","72","72","72","72","72","72","73","73","73","99","99","99","99","99","98","97","95","94","49","49","40","30","28","","","","",""
"Eritrea","97","97","97","97","97","97","97","97","97","96","96","95","99","99","99","99","97","94","91","89","98","96","83","75","68","60","40","","","","","","","","","","","","",""
"Estonia","92","92","94","95","95","95","96","97","99","97","97","98","98","99","99","99","99","99","99","99","99","99","99","99","99","98","98","","","","","","","","","","","","",""
"Eswatini","98","98","98","97","98","99","99","99","98","98","97","96","95","94","93","92","91","90","89","88","87","86","85","85","99","99","98","97","71","96","96","95","94","91","79","73","72","66","59",""
"Ethiopia","69","71","73","72","70","69","68","74","80","76","74","71","69","66","64","60","59","58","57","56","54","54","54","57","61","65","36","26","29","64","44","27","28","13","11","8","7","6","5",""
"Fiji","99","99","99","99","99","99","99","99","99","99","99","99","99","99","98","98","97","97","97","96","96","95","95","99","99","99","99","98","99","99","99","99","98","96","99","94","99","98","98","95"
"Finland","","","","","","","","","","","","","","98","98","98","98","99","99","99","99","99","99","99","99","99","99","99","99","91","91","99","90","80","83","86","90","90","90","90"
"France","","","","","","","","","","","","","78","83","81","85","84","85","84","83","83","81","82","82","83","81","79","77","78","74","75","75","76","84","82","96","81","81","80","80"
"Gabon","92","87","93","94","98","91","92","97","94","94","93","93","92","92","92","91","91","90","90","89","89","90","90","90","90","94","97","97","97","96","96","95","95","90","80","77","80","82","",""
"Gambia","88","94","94","98","98","96","98","98","90","92","94","95","97","97","99","99","99","99","99","99","98","99","99","99","99","99","98","97","97","98","98","96","97","96","92","98","96","91","96","85"
"Georgia","96","97","96","98","96","96","95","95","96","96","95","95","96","95","95","91","87","91","94","95","95","94","76","70","70","30","30","67","","","","","","","","","","","",""
"Ghana","96","98","99","94","97","99","98","98","98","99","99","99","99","99","99","92","92","92","94","99","98","90","88","87","87","86","85","83","77","71","70","70","69","55","41","41","31","","",""
"Greece","","","","","","","","","","","","","","","","","","","","","","","","","","50","65","76","90","86","82","77","73","69","65","60","56","76","95","95"
"Guatemala","86","88","81","87","89","91","88","94","91","99","93","99","88","96","96","98","97","96","93","95","93","89","88","76","79","78","69","57","43","62","21","41","34","32","30","33","24","28","29","36"
"Guinea","73","73","73","73","72","66","71","77","82","93","91","87","84","81","80","79","80","80","81","81","82","76","76","77","78","75","70","65","60","50","31","31","27","23","18","14","10","7","4",""
"Guinea-Bissau","86","91","91","91","92","93","93","94","92","93","94","93","92","90","89","87","84","82","79","77","74","78","82","68","92","95","96","99","94","90","95","89","82","69","56","42","","","",""
"Guyana","99","99","97","95","99","99","98","98","97","98","98","96","97","96","96","94","95","91","95","93","91","92","94","88","93","94","94","88","89","85","76","64","69","76","98","49","76","78","73","68"
"Haiti","73","83","83","83","83","81","82","82","83","82","80","78","78","75","75","74","74","73","72","72","71","72","72","72","74","73","73","73","72","72","69","66","72","76","71","71","62","58","60",""
"Honduras","88","94","93","94","95","96","97","98","99","99","99","99","99","97","98","98","91","94","99","99","93","96","99","99","97","99","95","92","99","70","80","64","66","72","65","41","55","50","41","25"
"Hungary","99","99","99","99","99","99","99","99","99","99","99","99","99","99","99","99","99","99","99","99","99","99","99","99","99","99","99","99","99","99","99","99","99","99","99","99","99","99","99","99"
"India","92","92","92","89","87","89","91","90","90","89","88","86","87","86","86","80","77","75","75","74","74","73","72","79","81","71","69","65","62","66","28","23","23","9","8","7","6","4","4",""
"Indonesia","90","92","93","90","90","90","90","88","98","88","78","80","83","88","86","85","83","82","80","81","83","84","85","87","77","77","78","76","75","74","72","70","68","66","65","56","58","60","55","61"
"Iran (Islamic Republic of)","99","99","99","99","99","99","99","99","99","99","99","99","99","99","99","99","99","97","91","99","99","99","91","96","96","99","99","99","91","95","85","88","56","56","79","10","10","10","6","7"
"Iraq","98","95","96","90","94","99","99","99","94","90","92","87","92","89","92","94","94","94","93","93","93","94","95","96","97","97","96","96","96","96","96","98","99","98","94","91","87","83","80","76"
"Ireland","","","","18","77","74","76","42","41","30","30","34","33","31","31","30","90","90","89","89","89","89","89","88","87","86","86","85","84","84","83","82","81","81","80","75","75","","",""
"Israel","","","","","","","","","","","","","","","","","","","","","","","","","","","","","","","","","","","","","","68","70","75"
"Jamaica","97","93","93","96","99","90","93","95","95","95","94","92","87","90","95","90","88","90","96","94","89","85","97","98","98","99","99","85","94","98","99","96","92","73","51","50","56","27","32","38"
"Japan","99","99","93","98","84","93","93","95","94","99","94","90","94","","","","","","","","","","","","","","91","93","94","85","85","85","85","85","85","85","91","96","85",""
"Jordan","86","94","99","99","98","95","98","96","95","95","95","95","90","95","89","58","67","29","","","","","","","","","","","","","","","","","","","","","",""
"Kazakhstan","87","95","95","95","95","95","95","95","96","96","96","97","99","99","69","65","99","99","95","98","99","99","99","93","90","86","93","90","","","","","","","","","","","",""
"Kenya","95","95","89","99","87","94","92","97","99","99","99","98","92","92","85","87","87","91","94","91","88","99","96","96","97","97","96","96","94","92","90","90","86","80","82","76","","","",""
"Kiribati","89","89","89","79","79","72","86","95","86","87","76","83","90","91","93","94","91","88","85","80","70","97","99","99","47","60","87","79","94","93","99","98","68","65","62","54","72","91","68","66"
"Kuwait","96","96","99","96","99","99","99","97","99","98","99","99","94","84","","","","","","","","","","","","","","","","","","","","","","","","","",""
"Kyrgyzstan","96","97","97","97","97","97","98","98","98","98","98","99","98","99","96","98","99","99","99","96","99","94","97","99","96","97","95","97","","","","","","","","","","","",""
"Lao People's Democratic Republic","79","79","81","78","83","82","82","81","77","72","67","68","56","61","65","60","65","65","60","69","63","56","58","61","62","69","42","34","34","26","29","27","15","10","8","7","7","6","4",""
"Latvia","96","95","96","96","93","92","94","94","93","92","96","95","95","95","97","98","97","99","99","99","99","99","99","99","99","99","91","93","","","","","","","","","","","",""
"Lesotho","96","96","96","96","95","97","98","93","87","90","92","95","95","95","96","96","96","90","83","88","92","93","94","95","96","95","93","92","90","89","87","86","84","88","91","89","87","84","81","81"
"Liberia","84","92","87","97","87","73","87","85","85","73","87","85","77","77","76","60","64","69","73","78","82","","","","","","","","","","","","","","","","","","",""
"Libya","74","74","99","99","99","99","99","99","99","99","99","99","99","99","99","99","99","99","99","98","97","97","97","97","99","99","99","99","95","90","90","92","95","92","87","85","84","89","78","88"
"Lithuania","97","96","97","98","97","98","98","98","98","99","99","99","99","99","99","99","99","99","99","99","99","99","98","98","97","96","98","94","","","","","","","","","","","",""
"Madagascar","70","70","70","70","70","75","77","78","82","76","78","83","94","95","92","85","77","73","73","72","72","70","67","67","72","77","77","77","75","67","72","70","54","49","31","28","31","22","26","21"
"Malawi","91","92","89","86","90","97","96","99","99","97","95","97","95","99","99","97","91","78","93","83","87","99","99","95","97","94","96","98","96","97","96","90","92","87","87","74","81","87","86",""
"Malaysia","99","99","98","99","99","99","99","99","99","99","99","99","99","98","98","99","99","98","98","99","99","98","98","98","98","97","98","99","99","99","99","99","98","96","95","95","94","95","91","94"
"Maldives","99","99","99","99","99","99","99","99","98","97","99","98","98","99","97","98","98","99","98","99","98","99","99","99","99","98","89","99","99","99","98","98","62","54","45","36","27","20","8","7"
"Mali","83","83","83","82","78","73","70","77","84","82","84","86","86","86","83","76","74","82","75","69","78","79","84","80","76","75","74","70","68","82","85","64","51","37","33","30","26","23","19",""
"Malta","","","","","","","","","","","","","","","","","","","","","","","","96","92","77","77","79","87","77","79","67","79","72","65","63","63","","",""
"Marshall Islands","89","98","92","94","99","89","93","97","80","99","98","95","92","92","93","91","93","90","99","89","81","81","94","98","71","96","88","72","71","49","","","","","","","","","",""
"Mauritania","90","90","90","86","85","93","95","95","86","85","81","89","92","86","91","94","96","99","95","78","75","77","78","79","80","82","84","81","80","79","79","79","77","73","74","70","66","61","57",""
"Mauritius","99","99","99","98","98","97","99","99","99","99","95","96","98","97","99","99","99","87","89","88","86","87","87","86","86","87","87","87","87","87","88","88","87","88","87","88","88","89","87","89"
"Mexico","76","96","94","99","98","96","91","99","99","98","99","99","99","99","99","99","99","99","99","99","99","99","99","99","98","97","93","94","89","67","80","72","71","54","16","47","52","50","41","48"
"Micronesia (Federated States of)","77","80","83","85","76","73","70","78","75","70","75","79","82","55","70","62","64","52","39","24","39","52","48","49","50","50","50","50","50","12","8","","","","","","","","",""
"Monaco","","","","","","","","89","89","89","89","89","89","89","89","89","89","92","94","97","99","99","95","93","90","90","94","98","99","99","99","99","","","","","","","",""
"Mongolia","99","99","99","99","99","99","99","99","99","99","98","98","99","98","99","98","98","98","98","97","97","95","96","90","94","90","84","83","85","81","92","78","60","54","52","52","52","52","53","51"
"Montenegro","93","93","83","85","88","91","93","95","97","95","95","98","98","98","","","","","","","","","","","","","","","","","","","","","","","","","",""
"Morocco","99","99","99","99","99","99","99","99","99","99","99","99","96","95","95","95","92","92","93","97","93","90","94","96","96","97","99","97","96","96","91","92","92","83","77","70","62","50","",""
"Mozambique","94","94","94","94","94","94","93","92","91","90","90","90","90","90","90","90","90","87","86","84","83","81","80","78","78","78","66","64","63","59","53","49","52","45","47","49","59","56","46",""
"Myanmar","91","90","91","88","94","92","86","87","93","93","93","88","89","85","76","85","80","82","75","88","90","95","94","92","90","83","80","77","69","95","66","60","54","28","45","36","28","20","15","9"
"Namibia","94","94","94","89","94","97","94","90","89","88","85","88","95","88","95","94","92","81","69","77","80","85","65","79","92","99","92","92","91","","","","","","","","","","",""
"Nauru","99","99","99","99","99","99","99","99","99","99","99","99","99","99","90","93","97","99","99","93","95","89","78","78","78","81","84","86","90","93","96","95","93","87","81","81","","","",""
"Nepal","96","96","95","93","94","99","97","96","97","94","94","87","89","93","87","85","91","85","84","84","93","81","86","81","76","76","75","75","74","74","70","66","62","67","67","58","53","59","32","22"
"Nicaragua","98","98","98","98","98","98","98","98","98","98","98","98","98","98","88","88","94","93","97","96","99","92","95","94","93","92","91","91","74","84","94","91","94","99","99","98","89","83","66","34"
"Niger","70","87","92","91","94","87","43","85","53","81","86","78","73","69","64","61","58","56","53","50","47","48","48","53","53","32","34","38","38","50","32","27","28","28","28","28","28","28","28",""
"Nigeria","67","67","67","64","53","51","51","51","57","62","76","65","53","52","49","45","42","38","41","44","46","49","29","43","42","55","52","57","60","80","61","54","47","40","28","16","19","21","23",""
"Niue","99","99","99","92","99","99","99","99","99","99","99","99","99","99","97","96","99","99","99","99","99","99","99","99","92","99","99","99","99","99","99","99","99","71","41","41","60","80","99","85"
"Oman","99","99","99","99","99","99","99","99","99","99","99","99","99","99","98","99","98","98","98","98","98","96","96","96","96","96","95","96","94","96","95","96","97","95","93","79","77","77","54","51"
"Pakistan","88","87","86","86","86","85","84","84","83","74","74","75","77","77","78","78","80","82","78","74","70","66","62","59","73","75","77","80","80","80","80","77","72","69","62","55","35","12","11","6"
"Panama","99","99","99","99","99","99","95","98","99","99","99","98","97","98","99","99","99","99","99","99","99","99","99","99","99","95","92","84","87","97","87","92","90","92","94","89","81","83","98","99"
"Papua New Guinea","52","52","62","72","67","84","93","91","91","88","89","80","81","90","90","89","89","84","81","88","82","86","88","80","91","85","94","82","89","92","82","80","74","76","66","66","58","50","64","62"
"Paraguay","87","91","96","94","96","96","91","93","94","93","91","94","98","99","98","97","88","83","86","85","85","84","83","83","82","82","80","84","78","75","66","56","66","51","68","80","55","47","42","31"
"Peru","81","81","84","90","91","94","95","95","91","95","97","97","96","96","95","95","94","92","87","93","97","96","98","99","94","91","87","85","78","83","62","70","61","54","63","64","61","65","63","57"
"Philippines","75","75","82","90","80","79","87","89","91","83","90","93","90","91","91","91","86","85","92","92","92","92","91","86","82","86","91","94","97","96","96","95","90","84","76","71","69","66","61","56"
"Poland","92","92","92","93","94","92","93","94","94","93","94","93","93","94","94","94","93","95","95","96","96","96","96","97","98","94","95","95","94","97","95","95","95","95","95","95","95","93","93","93"
"Portugal","","","","","32","99","99","99","97","96","98","98","98","99","89","83","81","81","82","82","85","88","87","87","94","87","91","92","89","88","87","86","78","71","82","79","76","76","74",""
"Qatar","99","99","99","97","97","90","98","97","97","99","98","97","96","99","99","99","99","99","99","99","99","99","99","98","96","96","99","99","98","97","79","85","85","84","76","73","69","44","28","4"
"Republic of Korea","98","98","98","98","97","99","99","99","99","96","96","96","96","98","97","93","87","89","81","73","74","75","91","92","93","93","88","83","77","72","70","57","54","47","47","47","45","44","42",""
"Republic of Moldova","94","96","96","97","97","97","96","99","98","98","96","98","98","99","97","99","99","99","99","99","99","98","97","97","95","94","92","92","","","","","","","","","","","",""
"North Macedonia","93","93","97","99","94","99","97","95","94","96","98","94","95","92","99","94","95","91","97","97","97","90","97","98","95","90","95","","","","","","","","","","","","",""
"Romania","96","96","97","84","98","98","98","99","99","99","99","99","99","99","98","99","99","99","99","99","99","99","99","99","99","99","99","99","99","90","90","93","95","93","","","","","",""
"Russian Federation","96","95","95","96","96","96","96","96","95","96","96","96","97","97","97","96","97","97","96","96","96","95","94","93","92","92","87","86","","","","","","","","","","","",""
"Rwanda","98","97","98","99","99","99","99","99","99","99","99","93","89","98","91","86","88","81","74","81","94","95","96","93","89","32","82","94","94","92","92","91","92","92","83","66","49","50","51",""
"Saint Kitts and Nevis","99","97","97","96","95","99","94","95","99","91","93","95","97","99","99","89","99","99","95","99","99","99","99","96","94","91","88","86","83","80","78","75","","","","","","","",""
"Saint Lucia","95","99","88","96","99","89","99","99","99","97","97","99","99","94","97","99","95","95","99","91","99","85","99","89","98","99","95","99","95","94","99","85","89","73","99","80","69","60","44","27"
"Saint Vincent and the Grenadines","99","99","99","99","99","98","96","97","99","90","80","87","93","99","95","99","87","91","99","99","99","99","98","99","99","99","99","99","99","99","99","95","90","76","84","32","","","",""
"Samoa","90","62","83","76","83","89","89","90","95","87","92","98","91","84","86","93","73","98","98","97","99","99","99","98","96","97","94","91","95","97","80","97","98","97","97","97","99","96","84","72"
"Sao Tome and Principe","95","96","94","92","97","95","97","99","99","99","99","99","98","98","98","99","99","96","92","81","81","80","70","85","95","86","77","83","99","99","94","88","88","99","75","82","86","90","95",""
"Saudi Arabia","52","98","97","98","98","98","99","99","98","98","98","98","96","95","96","95","94","98","94","94","92","92","91","91","94","94","93","91","85","90","96","93","91","90","89","88","72","56","49","33"
"Senegal","99","83","99","97","95","95","97","97","97","97","97","98","96","94","92","95","77","70","89","89","90","81","81","81","91","80","80","80","80","90","90","91","92","92","","","","","",""
"Serbia","98","98","97","98","98","98","97","98","99","99","98","99","98","99","98","97","94","91","88","85","82","89","96","97","97","97","97","97","","","","","","","","","","","",""
"Seychelles","98","97","99","99","99","98","99","99","99","99","96","99","99","99","99","99","99","99","99","99","99","99","99","99","99","99","99","99","99","98","94","94","94","94","92","95","98","83","67",""
"Sierra Leone","86","88","90","92","90","90","99","98","97","97","96","91","82","83","85","86","89","76","63","74","73","","","","","","","","","","","","","","","","","","",""
"Singapore","98","98","99","99","99","99","99","99","99","99","99","99","99","98","98","99","99","98","98","99","99","98","98","98","98","97","98","99","99","99","99","99","98","99","93","93","83","87","83","85"
"Slovakia","","","","","","","","90","97","98","97","98","98","98","98","98","98","98","93","94","96","93","95","96","92","98","","","","","","","","","","","","","",""
"Slovenia","","","","","","","","","","","","","","","","96","97","97","98","98","96","98","97","98","99","99","99","93","","","","","","","","","","","",""
"Solomon Islands","77","83","78","80","79","81","82","85","94","91","92","92","98","99","96","99","93","87","94","99","99","74","73","96","77","76","66","75","83","87","82","79","66","47","50","61","39","36","43","65"
"Somalia","37","37","37","37","37","37","37","37","39","41","29","36","38","40","50","50","65","60","70","69","71","54","37","43","46","48","42","37","31","31","31","39","33","28","30","17","7","8","3","6"
"South Africa","84","70","75","90","83","93","88","86","84","81","82","84","79","79","76","78","81","84","86","89","92","94","97","95","95","95","95","66","63","57","73","55","64","61","70","67","71","","",""
"South Sudan","52","52","52","52","55","55","58","65","75","","","","","","","","","","","","","","","","","","","","","","","","","","","","","","",""
"Sri Lanka","99","99","99","99","99","99","99","99","99","99","99","99","99","99","99","99","99","99","98","98","97","90","96","88","90","86","88","87","88","84","90","81","76","79","71","67","64","65","58","61"
"Sudan","92","88","97","96","88","95","93","92","92","90","82","88","83","77","72","66","69","65","67","56","66","61","70","71","63","60","66","68","78","77","75","54","43","22","12","8","5","3","3","2"
"Sweden","25","26","25","26","24","26","27","24","23","23","21","23","23","21","20","18","17","16","16","16","16","16","15","14","14","13","13","13","12","13","13","14","14","14","16","16","10","6","4","3"
"Syrian Arab Republic","84","79","78","72","66","81","84","82","90","97","95","93","93","91","90","90","90","90","91","91","91","91","91","91","91","91","91","92","95","92","98","87","71","98","53","49","45","37","36","35"
"Tajikistan","98","99","98","98","98","98","98","97","97","98","82","89","83","93","97","95","98","97","96","98","98","98","99","99","96","96","69","88","","","","","","","","","","","",""
"Thailand","99","99","99","99","99","99","99","99","99","99","99","99","99","99","99","99","99","99","99","99","98","99","99","98","98","99","99","99","99","99","98","91","93","83","80","76","75","73","71","68"
"Timor-Leste","95","95","95","86","79","79","86","86","79","79","74","85","74","74","70","72","72","75","","","","","","","","","","","","","","","","","","","","","",""
"Togo","98","97","89","93","93","82","97","97","97","97","91","92","91","96","96","91","79","81","83","84","81","70","76","79","83","86","89","92","96","99","94","91","95","53","54","55","51","48","44",""
"Tonga","99","99","99","91","91","99","99","95","99","99","99","99","99","99","99","99","99","95","91","99","99","99","99","99","99","99","97","96","99","99","97","95","93","98","99","78","83","98","86","99"
"Tunisia","92","93","93","99","96","93","94","96","91","98","98","99","99","99","98","97","93","91","91","95","94","93","97","97","97","97","97","97","96","96","96","95","93","92","90","89","88","87","",""
"Turkey","96","96","93","96","96","95","96","96","96","97","96","96","94","88","88","85","88","89","95","96","93","91","89","89","90","91","90","89","91","93","95","97","87","82","76","71","65","47","42",""
"Turkmenistan","98","98","98","98","99","99","98","99","98","99","99","99","99","99","99","99","99","99","99","99","99","98","97","93","93","97","94","97","","","","","","","","","","","",""
"Tuvalu","99","99","99","98","99","99","99","99","99","99","99","99","99","99","99","99","99","99","99","99","99","99","99","99","88","90","87","97","95","96","98","95","86","92","90","90","99","78","89","99"
"Uganda","88","88","89","94","95","91","93","95","97","86","90","86","87","83","90","88","87","85","83","82","80","75","82","82","83","84","82","79","77","75","72","70","61","51","37","32","28","23","18",""
"Ukraine","84","90","84","75","39","39","95","95","90","92","94","95","98","97","96","98","98","98","98","98","99","97","97","97","95","92","89","93","","","","","","","","","","","",""
"United Arab Emirates","94","95","95","99","96","90","94","94","96","98","98","98","98","98","98","98","98","98","98","98","98","98","98","98","98","98","98","98","96","96","96","93","92","78","60","42","37","28","18","15"
"United Republic of Tanzania","91","91","93","95","97","99","99","99","99","99","93","89","89","90","91","91","91","88","91","86","87","83","85","80","96","92","94","99","95","85","92","93","94","82","90","73","83","64","74","72"
"Uruguay","99","98","98","98","98","99","98","99","99","99","99","99","99","99","99","99","99","99","99","99","99","99","99","99","99","99","98","99","99","99","99","98","98","92","92","93","99","76","76","56"
"Uzbekistan","99","96","99","99","99","99","99","99","99","99","99","96","99","99","93","99","99","99","98","98","98","97","97","96","99","93","98","98","","","","","","","","","","","",""
"Vanuatu","97","94","95","94","95","95","93","92","90","88","86","85","83","81","81","80","80","80","79","79","79","78","78","72","67","82","96","84","99","96","80","73","79","75","83","64","58","61","32",""
"Venezuela (Bolivarian Republic of)","91","92","94","97","99","97","95","96","95","92","91","90","82","83","95","96","91","90","93","99","98","82","89","90","91","95","81","85","90","82","88","76","63","86","89","92","82","76","77","72"
"Viet Nam","96","95","97","95","97","96","95","98","98","94","97","92","94","95","95","96","97","97","97","98","95","93","96","95","96","96","94","91","91","90","94","79","59","55","50","48","4","","",""
"Yemen","69","64","66","73","47","73","71","64","59","65","58","60","64","67","66","64","66","73","78","82","79","66","54","58","60","41","57","54","63","95","75","52","30","23","20","16","15","13","12","9"
"Zambia","95","91","99","99","97","99","95","92","92","92","92","91","91","92","92","93","93","94","94","94","95","95","95","96","97","98","92","94","95","97","97","97","97","95","92","71","68","70","72",""
"Zimbabwe","95","95","95","95","90","99","95","98","98","99","90","91","87","84","80","76","78","80","82","84","86","88","92","96","96","95","95","91","91","91","90","89","94","94","76","69","67","65","64",""
